"Admin Passkey","Clave de acceso de administrador"
"Configuration","Configuración"
"Passkeys","Claves de acceso"
"Trusted Devices","Dispositivos de confianza"
"Audit Log","Registro de auditoría"
"Lockouts","Bloqueos"
"Migration Dashboard","Panel de migración"
"Health Check","Comprobación de estado"
"Diagnostics","Diagnósticos"
"Security Score","Puntuación de seguridad"
"Recovery","Recuperación"
"White Label & Branding","Marca blanca y personalización"
"General","General"
"Master settings for the Admin Passkey security suite.","Ajustes principales de la suite de seguridad Admin Passkey."
"Enable Admin Passkey","Activar Admin Passkey"
"Master switch for the Admin Passkey suite. When disabled, no passkey behaviour is active.","Interruptor principal de la suite Admin Passkey. Cuando está desactivado, no hay ningún comportamiento de clave de acceso activo."
"Authentication Policy","Política de autenticación"
"Control how passkeys, passwords, and Magento 2FA interact on the Admin login.","Controle cómo interactúan las claves de acceso, las contraseñas y la 2FA de Magento en el inicio de sesión del administrador."
"Passkey-First Login","Inicio de sesión con clave de acceso primero"
"Show the passkey prompt first on the Admin login page when a passkey is available.","Muestra primero la solicitud de clave de acceso en la página de inicio de sesión del administrador cuando hay una clave de acceso disponible."
"Enable Password Fallback","Activar alternativa por contraseña"
"Allow username and password login as a fallback. Disabling this can lock admins out; keep a recovery path.","Permite el inicio de sesión con nombre de usuario y contraseña como alternativa. Desactivarlo puede bloquear a los administradores; mantenga una vía de recuperación."
"Enable Magento 2FA Fallback","Activar alternativa 2FA de Magento"
"Use native Magento Two-Factor Authentication as a fallback where required.","Utiliza la autenticación de dos factores nativa de Magento como alternativa cuando sea necesario."
"Onboarding","Incorporación"
"Guide administrators through passkey enrollment.","Guía a los administradores durante el registro de la clave de acceso."
"Require Passkey Onboarding","Exigir incorporación de clave de acceso"
"Redirect admins without a passkey to the setup wizard after login, respecting recovery exceptions.","Redirige a los administradores sin clave de acceso al asistente de configuración tras iniciar sesión, respetando las excepciones de recuperación."
"Recommend a Second Passkey","Recomendar una segunda clave de acceso"
"Recommend registering a backup passkey at the end of the setup wizard.","Recomienda registrar una clave de acceso de respaldo al final del asistente de configuración."
"Remember trusted browsers to reduce repeated verification.","Recuerda los navegadores de confianza para reducir las verificaciones repetidas."
"Enable Trusted Devices","Activar dispositivos de confianza"
"Trusted Device Lifetime (days)","Vigencia del dispositivo de confianza (días)"
"Number of days a trusted device remains valid before re-verification is required.","Número de días que un dispositivo de confianza permanece válido antes de requerir una nueva verificación."
"Lockout","Bloqueo"
"Throttle and lock accounts after repeated failed login attempts.","Limita y bloquea cuentas tras repetidos intentos de inicio de sesión fallidos."
"Enable Lockout","Activar bloqueo"
"Maximum Failed Attempts","Número máximo de intentos fallidos"
"Number of failed login attempts before the account is locked.","Número de intentos de inicio de sesión fallidos antes de que la cuenta se bloquee."
"Lockout Duration (minutes)","Duración del bloqueo (minutos)"
"How long an account stays locked after exceeding the failed-attempt threshold.","Cuánto tiempo permanece bloqueada una cuenta tras superar el umbral de intentos fallidos."
"Emergency fallback when passkey authentication blocks Admin access.","Alternativa de emergencia cuando la autenticación por clave de acceso bloquea el acceso al administrador."
"Enable Emergency Recovery Mode","Activar el modo de recuperación de emergencia"
"Recovery Warning Text","Texto de advertencia de recuperación"
"Warning message displayed before an administrator enables emergency recovery.","Mensaje de advertencia que se muestra antes de que un administrador active la recuperación de emergencia."
"Track passkey adoption progress across administrators.","Realiza un seguimiento del progreso de adopción de claves de acceso entre los administradores."
"Enable Migration Dashboard","Activar el panel de migración"
"Enable Reminder Emails","Activar correos de recordatorio"
"Allow sending reminder emails to administrators who have not registered a passkey.","Permite enviar correos de recordatorio a los administradores que no han registrado una clave de acceso."
"Security Dashboard Widget","Widget del panel de seguridad"
"Configurable security-status widget on the Magento Admin dashboard.","Widget de estado de seguridad configurable en el panel del administrador de Magento."
"Enable Dashboard Widget","Activar el widget del panel"
"Enabled by default after installation. Individual cards can be toggled below.","Activado de forma predeterminada tras la instalación. Las tarjetas individuales pueden activarse/desactivarse a continuación."
"Refresh Interval (seconds)","Intervalo de actualización (segundos)"
"How often the dashboard widget refreshes its data.","Con qué frecuencia el widget del panel actualiza sus datos."
"Card: Passkey Adoption","Tarjeta: Adopción de claves de acceso"
"Card: Admins Without Passkeys","Tarjeta: Administradores sin claves de acceso"
"Card: Passkey vs Password Login Ratio","Tarjeta: Proporción de inicios de sesión con clave de acceso frente a contraseña"
"Card: Active Lockouts","Tarjeta: Bloqueos activos"
"Card: Failed Logins (last 24h)","Tarjeta: Inicios de sesión fallidos (últimas 24 h)"
"Card: Health Status","Tarjeta: Estado de salud"
"Card: Recovery Mode Status","Tarjeta: Estado del modo de recuperación"
"Card: Trusted Devices","Tarjeta: Dispositivos de confianza"
"Card: Diagnostics Reports","Tarjeta: Informes de diagnóstico"
"Card: Audit Events","Tarjeta: Eventos de auditoría"
"Card: Last Cleanup","Tarjeta: Última limpieza"
"Card: Last Security Event","Tarjeta: Último evento de seguridad"
"Card: Security Score","Tarjeta: Puntuación de seguridad"
"Weighting for the 0-100 security score engine. Weights should sum to 100.","Ponderación para el motor de puntuación de seguridad de 0 a 100. Los pesos deben sumar 100."
"Enable Security Score","Activar la puntuación de seguridad"
"Weight: Authentication","Peso: Autenticación"
"Relative weight of authentication controls in the total score.","Peso relativo de los controles de autenticación en la puntuación total."
"Weight: Security","Peso: Seguridad"
"Relative weight of platform security controls in the total score.","Peso relativo de los controles de seguridad de la plataforma en la puntuación total."
"Weight: Operational","Peso: Operativo"
"Relative weight of operational controls in the total score.","Peso relativo de los controles operativos en la puntuación total."
"Weight: Threats","Peso: Amenazas"
"Relative weight of active threat indicators in the total score.","Peso relativo de los indicadores de amenazas activas en la puntuación total."
"Environment and configuration sanity checks for the module.","Comprobaciones de entorno y configuración del módulo."
"Enable Health Check","Activar la comprobación de estado"
"Support diagnostics report generation and delivery.","Generación y envío de informes de diagnóstico de soporte."
"Enable Diagnostics","Activar diagnósticos"
"Support Email Recipient","Destinatario del correo de soporte"
"Destination address used when sending diagnostics reports to the developer.","Dirección de destino utilizada al enviar informes de diagnóstico al desarrollador."
"Support Reference Prefix","Prefijo de referencia de soporte"
"Prefix used for the Support Reference ID in ZIP filenames, manifests, and emails.","Prefijo utilizado para el ID de referencia de soporte en nombres de archivos ZIP, manifiestos y correos."
"Cleanup","Limpieza"
"Data retention and scheduled cleanup policies.","Políticas de retención de datos y limpieza programada."
"Enable Scheduled Cleanup","Activar la limpieza programada"
"Challenge Retention (days)","Retención de challenges (días)"
"How long expired WebAuthn challenges are retained before cleanup.","Cuánto tiempo se conservan los challenges de WebAuthn caducados antes de la limpieza."
"Diagnostics Retention (days)","Retención de diagnósticos (días)"
"How long generated diagnostics reports are retained before cleanup.","Cuánto tiempo se conservan los informes de diagnóstico generados antes de la limpieza."
"Audit Log Retention (days)","Retención del registro de auditoría (días)"
"How long audit events are retained before cleanup.","Cuánto tiempo se conservan los eventos de auditoría antes de la limpieza."
"Fail2Ban","Fail2Ban"
"Write parseable log lines for Fail2Ban to consume.","Escribe líneas de registro analizables para que Fail2Ban las procese."
"Enable Fail2Ban Logging","Activar el registro para Fail2Ban"
"Fail2Ban Log Path","Ruta del registro de Fail2Ban"
"Filesystem path (relative to the Magento root) for Fail2Ban-compatible log lines.","Ruta del sistema de archivos (relativa a la raíz de Magento) para líneas de registro compatibles con Fail2Ban."
"Optional white-label branding. Enabled by default with FalconMedia defaults.","Personalización de marca blanca opcional. Activada de forma predeterminada con los valores de FalconMedia."
"Enable Branding","Activar personalización de marca"
"When enabled, the configured branding replaces the default FalconMedia branding.","Cuando está activada, la personalización configurada reemplaza la marca predeterminada de FalconMedia."
"Company Name","Nombre de la empresa"
"Support Email","Correo de soporte"
"Support URL","URL de soporte"
"Documentation URL","URL de documentación"
"Privacy Policy URL","URL de la política de privacidad"
"Footer Text","Texto del pie de página"
"Primary Accent Color","Color de acento principal"
"Hex color used as the primary accent in branded surfaces (e.g. #1f2937).","Color hexadecimal utilizado como acento principal en las superficies con marca (p. ej. #1f2937)."
"Secondary Accent Color","Color de acento secundario"
"Hex color used as the secondary accent in branded surfaces (e.g. #2563eb).","Color hexadecimal utilizado como acento secundario en las superficies con marca (p. ej. #2563eb)."
"Email Templates","Plantillas de correo"
"Transactional email templates used by the module.","Plantillas de correo transaccional utilizadas por el módulo."
"Passkey Reminder Template","Plantilla de recordatorio de clave de acceso"
"Email sent to administrators who have not registered a passkey.","Correo enviado a los administradores que no han registrado una clave de acceso."
"Lockout Notification Template","Plantilla de notificación de bloqueo"
"Email sent when an administrator account is locked out.","Correo enviado cuando se bloquea una cuenta de administrador."
"Recovery Notification Template","Plantilla de notificación de recuperación"
"Email sent when emergency recovery mode is enabled or disabled.","Correo enviado cuando se activa o desactiva el modo de recuperación de emergencia."
"Diagnostics Report Template","Plantilla de informe de diagnóstico"
"Email used when sending a diagnostics report to the developer.","Correo utilizado al enviar un informe de diagnóstico al desarrollador."
"Developer Options","Opciones de desarrollador"
"Diagnostics-only options. Do not enable on production unless instructed.","Opciones exclusivas de diagnóstico. No las active en producción salvo que se le indique."
"Enable Debug Logging","Activar el registro de depuración"
"Write verbose module diagnostics to the Magento log. Keep disabled on production.","Escribe diagnósticos detallados del módulo en el registro de Magento. Manténgalo desactivado en producción."
"ID","ID"
"Created At","Creado el"
"Event Type","Tipo de evento"
"Severity","Gravedad"
"Actor (Admin User ID)","Actor (ID de usuario admin)"
"Target (Admin User ID)","Objetivo (ID de usuario admin)"
"IP Address","Dirección IP"
"User Agent","Agente de usuario"
"Support Reference ID","ID de referencia de soporte"
"Metadata","Metadatos"
"Passkey Registration","Registro de clave de acceso"
"Passkey Login","Inicio de sesión con clave de acceso"
"Password Login","Inicio de sesión con contraseña"
"Login Failed","Inicio de sesión fallido"
"Passkey Revoked","Clave de acceso revocada"
"Trusted Device Revoked","Dispositivo de confianza revocado"
"Account Lockout","Bloqueo de cuenta"
"Account Unlock","Desbloqueo de cuenta"
"Recovery Mode Enabled","Modo de recuperación activado"
"Recovery Mode Disabled","Modo de recuperación desactivado"
"Diagnostics Report Generated","Informe de diagnóstico generado"
"Diagnostics Report Sent","Informe de diagnóstico enviado"
"Data Cleanup","Limpieza de datos"
"Migration Reminder Sent","Recordatorio de migración enviado"
"Configuration Change","Cambio de configuración"
"Info","Información"
"Notice","Aviso"
"Warning","Advertencia"
"Critical","Crítico"
"WebAuthn","WebAuthn"
"Relying party and ceremony settings for passkey registration and login. Leave RP ID and origin empty to derive them from the store base URL.","Ajustes de la parte de confianza y de las ceremonias para el registro y el inicio de sesión con clave de acceso. Deje rpId y origin vacíos para derivarlos de la URL base de la tienda."
"Relying Party Name","Nombre de la parte de confianza"
"Human-readable name shown by the authenticator during registration. Falls back to the branding company name when empty.","Nombre legible que muestra el autenticador durante el registro. Recurre al nombre de empresa de la personalización cuando está vacío."
"Relying Party ID (rpId)","ID de la parte de confianza (rpId)"
"Registrable domain used as the WebAuthn rpId (e.g. example.com). Leave empty to derive it from the store base URL host.","Dominio registrable utilizado como rpId de WebAuthn (p. ej. example.com). Déjelo vacío para derivarlo del host de la URL base de la tienda."
"Expected Origin","Origen esperado"
"Origin expected in WebAuthn responses (e.g. https://example.com). Leave empty to derive it from the store base URL.","Origen esperado en las respuestas de WebAuthn (p. ej. https://example.com). Déjelo vacío para derivarlo de la URL base de la tienda."
"User Verification","Verificación del usuario"
"WebAuthn userVerification requirement for registration and assertion ceremonies.","Requisito userVerification de WebAuthn para las ceremonias de registro y de aserción."
"Resident Key","Clave residente"
"WebAuthn residentKey requirement. Preferred or Required enables discoverable (usernameless) passkeys.","Requisito residentKey de WebAuthn. Preferred o Required activa las claves de acceso detectables (sin nombre de usuario)."
"Ceremony Timeout (milliseconds)","Tiempo de espera de la ceremonia (milisegundos)"
"Timeout hint passed to the browser WebAuthn ceremony.","Sugerencia de tiempo de espera que se pasa a la ceremonia WebAuthn del navegador."
"Challenge Lifetime (seconds)","Vigencia del challenge (segundos)"
"How long a generated challenge remains valid before it expires and must be reissued.","Cuánto tiempo permanece válido un challenge generado antes de caducar y tener que reemitirse."
"Required","Obligatorio"
"Preferred","Preferido"
"Discouraged","Desaconsejado"
"The passkey challenge is invalid.","El challenge de la clave de acceso no es válido."
"The passkey challenge has expired.","El challenge de la clave de acceso ha caducado."
"The passkey challenge has already been used.","El challenge de la clave de acceso ya se ha utilizado."
"The passkey challenge does not match.","El challenge de la clave de acceso no coincide."
"The passkey challenge does not match the requested user.","El challenge de la clave de acceso no coincide con el usuario solicitado."
"The passkey challenge could not be consumed.","No se pudo consumir el challenge de la clave de acceso."
"The passkey response is incomplete.","La respuesta de la clave de acceso está incompleta."
"The passkey client data is missing.","Faltan los datos de cliente de la clave de acceso."
"The passkey client data could not be read.","No se pudieron leer los datos de cliente de la clave de acceso."
"The passkey client data is malformed.","Los datos de cliente de la clave de acceso están mal formados."
"Unexpected passkey ceremony type.","Tipo de ceremonia de clave de acceso inesperado."
"The passkey origin is not allowed.","El origen de la clave de acceso no está permitido."
"The passkey authenticator data is malformed.","Los datos del autenticador de la clave de acceso están mal formados."
"The passkey attestation is missing required data.","A la atestación de la clave de acceso le faltan datos obligatorios."
"The passkey attestation object is missing.","Falta el objeto de atestación de la clave de acceso."
"The passkey attestation object could not be read.","No se pudo leer el objeto de atestación de la clave de acceso."
"The passkey relying party could not be verified.","No se pudo verificar la parte de confianza de la clave de acceso."
"User presence was not verified by the authenticator.","El autenticador no verificó la presencia del usuario."
"User verification is required but was not performed.","La verificación del usuario es obligatoria pero no se realizó."
"The passkey credential does not match the attestation.","La credencial de la clave de acceso no coincide con la atestación."
"This passkey is already registered.","Esta clave de acceso ya está registrada."
"The passkey credential is not recognised.","La credencial de la clave de acceso no se reconoce."
"The passkey credential is no longer active.","La credencial de la clave de acceso ya no está activa."
"The passkey user handle does not match.","El identificador de usuario de la clave de acceso no coincide."
"The passkey signature is invalid.","La firma de la clave de acceso no es válida."
"The passkey signature is malformed.","La firma de la clave de acceso está mal formada."
"The passkey sign counter is invalid.","El contador de firmas de la clave de acceso no es válido."
"The passkey login could not be completed.","No se pudo completar el inicio de sesión con clave de acceso."
"The passkey public key is missing.","Falta la clave pública de la clave de acceso."
"The passkey public key is malformed.","La clave pública de la clave de acceso está mal formada."
"The passkey public key could not be decoded.","No se pudo decodificar la clave pública de la clave de acceso."
"Unsupported passkey public key algorithm.","Algoritmo de clave pública de clave de acceso no compatible."
"Unsupported passkey elliptic curve.","Curva elíptica de clave de acceso no compatible."
"Waiting for your passkey…","Esperando su clave de acceso…"
"This browser does not support passkeys.","Este navegador no admite claves de acceso."
"Manage Other Admins' Passkeys","Gestionar las claves de acceso de otros administradores"
"Passkey Name Updated","Nombre de la clave de acceso actualizado"
"Passkey Setup","Configuración de la clave de acceso"
"My Passkeys","Mis claves de acceso"
"The passkey could not be found.","No se pudo encontrar la clave de acceso."
"Your passkey name has been updated.","El nombre de su clave de acceso se ha actualizado."
"Your passkey has been revoked.","Su clave de acceso ha sido revocada."
"The passkey has been revoked.","La clave de acceso ha sido revocada."
"Please enter a name for this passkey.","Introduzca un nombre para esta clave de acceso."
"The passkey could not be registered. Please try again.","No se pudo registrar la clave de acceso. Inténtelo de nuevo."
"The passkey name could not be saved. Please try again.","No se pudo guardar el nombre de la clave de acceso. Inténtelo de nuevo."
"Welcome","Bienvenido"
"Register","Registrar"
"Name it","Asignar nombre"
"Finish","Finalizar"
"Set up a passkey for your Admin account","Configure una clave de acceso para su cuenta de administrador"
"Passkeys let you sign in with your device biometrics or security key instead of a password. They are phishing-resistant and cannot be reused across sites, which makes them far safer than passwords.","Las claves de acceso le permiten iniciar sesión con la biometría de su dispositivo o una llave de seguridad en lugar de una contraseña. Son resistentes al phishing y no pueden reutilizarse entre sitios, lo que las hace mucho más seguras que las contraseñas."
"You can use a built-in fingerprint or face sensor, your phone, or a hardware security key.","Puede utilizar un sensor de huella dactilar o facial integrado, su teléfono o una llave de seguridad de hardware."
"Get started","Comenzar"
"Create your passkey","Cree su clave de acceso"
"Select ""Create Passkey"" and follow your browser prompt to register this device.","Seleccione ""Crear clave de acceso"" y siga la indicación de su navegador para registrar este dispositivo."
"Create Passkey","Crear clave de acceso"
"Passkey registered","Clave de acceso registrada"
"Give this passkey a name so you can recognise it later.","Asigne un nombre a esta clave de acceso para reconocerla más tarde."
"Passkey name","Nombre de la clave de acceso"
"e.g. Work laptop","p. ej. Portátil del trabajo"
"Save name","Guardar nombre"
"You are all set","Todo listo"
"We recommend registering a second passkey (for example on your phone) as a backup, so you never lose access to the Admin.","Le recomendamos registrar una segunda clave de acceso (por ejemplo, en su teléfono) como respaldo, para no perder nunca el acceso al administrador."
"Add another passkey","Añadir otra clave de acceso"
"Continue to Magento Admin","Continuar al administrador de Magento"
"Add passkey","Añadir clave de acceso"
"You have no passkeys yet. Add one to sign in without a password.","Aún no tiene claves de acceso. Añada una para iniciar sesión sin contraseña."
"Name","Nombre"
"Device","Dispositivo"
"Last Used At","Último uso el"
"Status","Estado"
"Actions","Acciones"
"Never","Nunca"
"Rename","Cambiar nombre"
"Revoke","Revocar"
"—","—"
"Active","Activo"
"Revoked","Revocado"
"Unnamed passkey","Clave de acceso sin nombre"
"Unknown device","Dispositivo desconocido"
"Attestation: %1","Atestación: %1"
"AAGUID: %1","AAGUID: %1"
"Enter a new name for this passkey:","Introduzca un nuevo nombre para esta clave de acceso:"
"Revoke this passkey? This cannot be undone.","¿Revocar esta clave de acceso? Esta acción no se puede deshacer."
"The action could not be completed. Please try again.","No se pudo completar la acción. Inténtelo de nuevo."
"Successful Logins Before Trust","Inicios de sesión correctos antes de confiar"
"Number of successful logins from a browser before it is remembered as a trusted device.","Número de inicios de sesión correctos desde un navegador antes de que se recuerde como dispositivo de confianza."
"Failed Attempt Window (minutes)","Ventana de intentos fallidos (minutos)"
"Rolling time window in which failed attempts are counted toward the lockout threshold.","Ventana de tiempo móvil en la que los intentos fallidos se contabilizan para el umbral de bloqueo."
"Recovery Auto-Expiry (minutes)","Expiración automática de la recuperación (minutos)"
"Emergency recovery mode disables itself automatically after this many minutes so it can never stay on indefinitely.","El modo de recuperación de emergencia se desactiva automáticamente tras este número de minutos para que nunca permanezca activo indefinidamente."
"Trusted Device Created","Dispositivo de confianza creado"
"Trusted Device Expired","Dispositivo de confianza caducado"
"Brute Force Detected","Fuerza bruta detectada"
"Expired","Caducado"
"Released","Liberado"
"Admin User ID","ID de usuario admin"
"Device Label","Etiqueta del dispositivo"
"First Seen At","Visto por primera vez el"
"Last Seen At","Visto por última vez el"
"Expires At","Caduca el"
"Revoked At","Revocado el"
"Username","Nombre de usuario"
"Reason","Motivo"
"Failed Attempts","Intentos fallidos"
"Locked Until","Bloqueado hasta"
"Unlocked At","Desbloqueado el"
"Unlocked By (Admin User ID)","Desbloqueado por (ID de usuario admin)"
"Revoke trusted device","Revocar dispositivo de confianza"
"Revoke this trusted device? The browser will need to be trusted again.","¿Revocar este dispositivo de confianza? El navegador deberá volver a ser de confianza."
"Unlock","Desbloquear"
"Release lockout","Liberar bloqueo"
"Release this lockout so the account can log in again?","¿Liberar este bloqueo para que la cuenta pueda volver a iniciar sesión?"
"No trusted device was specified.","No se especificó ningún dispositivo de confianza."
"The trusted device has been revoked.","El dispositivo de confianza ha sido revocado."
"The trusted device could not be found.","No se pudo encontrar el dispositivo de confianza."
"The trusted device could not be revoked. Please try again.","No se pudo revocar el dispositivo de confianza. Inténtelo de nuevo."
"Lockout Management","Gestión de bloqueos"
"No lockout was specified.","No se especificó ningún bloqueo."
"The lockout has been released.","El bloqueo ha sido liberado."
"The lockout could not be found.","No se pudo encontrar el bloqueo."
"The lockout could not be released. Please try again.","No se pudo liberar el bloqueo. Inténtelo de nuevo."
"Emergency Recovery Mode","Modo de recuperación de emergencia"
"Invalid form key. Please try again.","Clave de formulario no válida. Inténtelo de nuevo."
"Emergency recovery mode is now ENABLED. Every action is audited; disable it as soon as access is restored.","El modo de recuperación de emergencia está ahora ACTIVADO. Cada acción se audita; desactívelo en cuanto se restablezca el acceso."
"Emergency recovery mode could not be enabled. Please try again.","No se pudo activar el modo de recuperación de emergencia. Inténtelo de nuevo."
"Emergency recovery mode is now disabled.","El modo de recuperación de emergencia está ahora desactivado."
"Emergency recovery mode could not be disabled. Please try again.","No se pudo desactivar el modo de recuperación de emergencia. Inténtelo de nuevo."
"Recovery mode is currently ENABLED.","El modo de recuperación está actualmente ACTIVADO."
"Recovery mode is currently disabled.","El modo de recuperación está actualmente desactivado."
"Last State","Último estado"
"Enabled At","Activado el"
"Disabled At","Desactivado el"
"Recovery mode auto-expires after %1 minutes so it can never stay on indefinitely.","El modo de recuperación expira automáticamente tras %1 minutos para que nunca permanezca activo indefinidamente."
"Disable emergency recovery mode now?","¿Desactivar ahora el modo de recuperación de emergencia?"
"Reason (optional)","Motivo (opcional)"
"Disable Recovery Mode","Desactivar el modo de recuperación"
"Enable emergency recovery mode? This is audited and should only be used to restore blocked Admin access.","¿Activar el modo de recuperación de emergencia? Esto se audita y solo debe usarse para restablecer el acceso bloqueado al administrador."
"Enable Recovery Mode","Activar el modo de recuperación"
"Too many failed attempts. Please try again later.","Demasiados intentos fallidos. Inténtelo de nuevo más tarde."
"Too many failed attempts. This account is temporarily locked. Please try again later.","Demasiados intentos fallidos. Esta cuenta está bloqueada temporalmente. Inténtelo de nuevo más tarde."
"Emergency recovery mode is disabled in configuration.","El modo de recuperación de emergencia está desactivado en la configuración."
"Emergency recovery mode is already enabled.","El modo de recuperación de emergencia ya está activado."
"Emergency recovery mode is not currently enabled.","El modo de recuperación de emergencia no está activado actualmente."
"Passkey Migration Dashboard","Panel de migración de claves de acceso"
"Passkey Health Check","Comprobación de estado de claves de acceso"
"Passkey Security Score","Puntuación de seguridad de claves de acceso"
"Passkey Diagnostics","Diagnósticos de claves de acceso"
"Passkey Data Cleanup","Limpieza de datos de claves de acceso"
"Migration Dashboard","Panel de migración"
"Health Check","Comprobación de estado"
"Security Score","Puntuación de seguridad"
"Diagnostics","Diagnósticos"
"Data Cleanup","Limpieza de datos"
"Username","Nombre de usuario"
"Name","Nombre"
"Role","Rol"
"2FA","2FA"
"Passkeys","Claves de acceso"
"Trusted Devices","Dispositivos de confianza"
"Onboarding","Incorporación"
"Lockout","Bloqueo"
"Last Login","Último inicio de sesión"
"Last Passkey Login","Último inicio de sesión con clave de acceso"
"Counts","Recuentos"
"Categories","Categorías"
"Rating","Calificación"
"Captured At","Capturado el"
"Action","Acción"
"Download","Descargar"
"Registered","Registrado"
"Missing","Ausente"
"Complete","Completo"
"Required","Obligatorio"
"Optional","Opcional"
"Configured","Configurado"
"Not configured","Sin configurar"
"Locked","Bloqueado"
"None","Ninguno"
"Pending","Pendiente"
"Generated","Generado"
"Send Passkey Reminder","Enviar recordatorio de clave de acceso"
"Send a passkey migration reminder to the selected administrators? Admins that already have a passkey are skipped.","¿Enviar un recordatorio de migración de clave de acceso a los administradores seleccionados? Se omiten los administradores que ya tienen una clave de acceso."
"Send to Developer","Enviar al desarrollador"
"Email the selected diagnostics reports to the configured developer?","¿Enviar por correo los informes de diagnóstico seleccionados al desarrollador configurado?"
"Reminders sent: %1, skipped: %2, failed: %3.","Recordatorios enviados: %1, omitidos: %2, fallidos: %3."
"Could not send the reminders: %1","No se pudieron enviar los recordatorios: %1"
"Diagnostics bundle %1 was generated.","Se generó el paquete de diagnóstico %1."
"Could not generate the bundle: %1","No se pudo generar el paquete: %1"
"Could not download the bundle: %1","No se pudo descargar el paquete: %1"
"Reports sent: %1, failed: %2.","Informes enviados: %1, fallidos: %2."
"Could not send the reports: %1","No se pudieron enviar los informes: %1"
"Cleanup completed successfully.","La limpieza se completó correctamente."
"Cleanup completed with errors. Check the cleanup log for details.","La limpieza se completó con errores. Consulte el registro de limpieza para más detalles."
"Could not run cleanup: %1","No se pudo ejecutar la limpieza: %1"
"Security score snapshot saved: %1 (%2).","Instantánea de la puntuación de seguridad guardada: %1 (%2)."
"Could not capture a snapshot: %1","No se pudo capturar una instantánea: %1"
"Reminder emails are disabled in configuration.","Los correos de recordatorio están desactivados en la configuración."
"This administrator has no email address on file.","Este administrador no tiene una dirección de correo registrada."
"This administrator already has an active passkey.","Este administrador ya tiene una clave de acceso activa."
"The administrator could not be found.","No se pudo encontrar al administrador."
"The reminder email could not be sent. Please try again.","No se pudo enviar el correo de recordatorio. Inténtelo de nuevo."
"Diagnostics are disabled in configuration.","Los diagnósticos están desactivados en la configuración."
"A valid support reference could not be generated.","No se pudo generar una referencia de soporte válida."
"The diagnostics bundle could not be generated. Please try again.","No se pudo generar el paquete de diagnóstico. Inténtelo de nuevo."
"No support email is configured. Set one in the Diagnostics configuration.","No hay ningún correo de soporte configurado. Configure uno en la configuración de Diagnósticos."
"The diagnostics report could not be sent. Please try again.","No se pudo enviar el informe de diagnóstico. Inténtelo de nuevo."
"This report has no downloadable bundle.","Este informe no tiene ningún paquete descargable."
"The bundle path is invalid.","La ruta del paquete no es válida."
"The bundle file no longer exists on the server.","El archivo del paquete ya no existe en el servidor."
"The diagnostics archive could not be created.","No se pudo crear el archivo de diagnóstico."
"Health Overview","Resumen de estado"
"Overall status: %1","Estado general: %1"
"%1 error(s), %2 warning(s).","%1 error(es), %2 advertencia(s)."
"Check","Comprobación"
"Details","Detalles"
"Current Security Score","Puntuación de seguridad actual"
"Recalculate & Snapshot","Recalcular y capturar"
"Rating: %1","Calificación: %1"
"Category Breakdown","Desglose por categoría"
"Category","Categoría"
"Recommendations","Recomendaciones"
"No recommendations — your configuration looks great.","Sin recomendaciones: su configuración es excelente."
"Generate Diagnostics Bundle","Generar paquete de diagnóstico"
"Bundles never contain passwords, keys or tokens. Logs are sanitised.","Los paquetes nunca contienen contraseñas, claves ni tokens. Los registros se depuran."
"Run Cleanup Now","Ejecutar limpieza ahora"
"Removes expired data per the configured retention windows.","Elimina los datos caducados según las ventanas de retención configuradas."
"Encourage more administrators to register a passkey.","Anime a más administradores a registrar una clave de acceso."
"Enable passkey-first login so passkeys are offered before passwords.","Active el inicio de sesión con clave de acceso primero para ofrecer las claves de acceso antes que las contraseñas."
"Consider disabling password fallback once every admin has a passkey.","Considere desactivar la alternativa por contraseña una vez que todos los administradores tengan una clave de acceso."
"Serve the Admin over HTTPS; WebAuthn requires a secure context.","Sirva el administrador a través de HTTPS; WebAuthn requiere un contexto seguro."
"Enable lockout protection to throttle brute-force attempts.","Active la protección por bloqueo para limitar los intentos de fuerza bruta."
"Enable scheduled cleanup so expired data does not accumulate.","Active la limpieza programada para que los datos caducados no se acumulen."
"Resolve the failing health checks to improve your score.","Resuelva las comprobaciones de estado fallidas para mejorar su puntuación."
"Disable emergency recovery mode now that access is restored.","Desactive el modo de recuperación de emergencia ahora que se ha restablecido el acceso."
"Review the active lockouts for signs of an attack.","Revise los bloqueos activos en busca de indicios de un ataque."
"Logo","Logotipo"
"Icon","Icono"
"Background Image (optional)","Imagen de fondo (opcional)"
"Wizard Illustration","Ilustración del asistente"
"Dashboard Icon","Icono del panel"
"Accepted: SVG, PNG, JPG, WebP. SVG files are sanitised before storage.","Aceptado: SVG, PNG, JPG, WebP. Los archivos SVG se depuran antes de almacenarse."
"Optional login background. Accepted: SVG, PNG, JPG, WebP.","Fondo de inicio de sesión opcional. Aceptado: SVG, PNG, JPG, WebP."
"Illustration shown in the passkey setup wizard. Accepted: SVG, PNG, JPG, WebP.","Ilustración que se muestra en el asistente de configuración de clave de acceso. Aceptado: SVG, PNG, JPG, WebP."
"Icon shown on the Admin dashboard widget. Accepted: SVG, PNG, JPG, WebP.","Icono que se muestra en el widget del panel del administrador. Aceptado: SVG, PNG, JPG, WebP."
"Login Intro Copy","Texto de introducción del inicio de sesión"
"Text shown above the passkey button on the Admin login. Leave empty for the default.","Texto que se muestra sobre el botón de clave de acceso en el inicio de sesión del administrador. Déjelo vacío para el valor predeterminado."
"Wizard Intro Copy","Texto de introducción del asistente"
"Text shown at the start of the passkey setup wizard. Leave empty for the default.","Texto que se muestra al inicio del asistente de configuración de clave de acceso. Déjelo vacío para el valor predeterminado."
"Diagnostics Intro Copy","Texto de introducción de los diagnósticos"
"Text shown on the diagnostics screen. Leave empty for the default.","Texto que se muestra en la pantalla de diagnósticos. Déjelo vacío para el valor predeterminado."
"Security Score Label: Poor","Etiqueta de puntuación de seguridad: Deficiente"
"Security Score Label: Fair","Etiqueta de puntuación de seguridad: Aceptable"
"Security Score Label: Good","Etiqueta de puntuación de seguridad: Buena"
"Security Score Label: Excellent","Etiqueta de puntuación de seguridad: Excelente"
"Card: Quick Actions","Tarjeta: Acciones rápidas"
"Support Confirmation Template","Plantilla de confirmación de soporte"
"Confirmation email sent to an administrator after a support request.","Correo de confirmación enviado a un administrador tras una solicitud de soporte."
"Security Alert Template","Plantilla de alerta de seguridad"
"Email sent when a critical security event is detected.","Correo enviado cuando se detecta un evento de seguridad crítico."
"Sign in securely with your passkey — no password required.","Inicie sesión de forma segura con su clave de acceso: sin contraseña."
"Set up a passkey to protect your Admin account.","Configure una clave de acceso para proteger su cuenta de administrador."
"Generate a sanitised diagnostics bundle to share with support.","Genere un paquete de diagnóstico depurado para compartir con soporte."
"Poor","Deficiente"
"Fair","Aceptable"
"Good","Buena"
"Excellent","Excelente"
"The uploaded SVG contains scripting or external content and was rejected for security reasons.","El SVG subido contiene scripts o contenido externo y se rechazó por motivos de seguridad."
"Passkey Adoption","Adopción de claves de acceso"
"%1 of %2 admins have a passkey.","%1 de %2 administradores tienen una clave de acceso."
"Admins Without Passkeys","Administradores sin claves de acceso"
"Administrators that still rely on a password.","Administradores que aún dependen de una contraseña."
"Passkey vs Password Logins","Inicios de sesión con clave de acceso frente a contraseña"
"Passkey logins: %1, password logins: %2.","Inicios de sesión con clave de acceso: %1, inicios de sesión con contraseña: %2."
"Active Lockouts","Bloqueos activos"
"Accounts currently locked after failed attempts.","Cuentas actualmente bloqueadas tras intentos fallidos."
"Failed Logins (24h)","Inicios de sesión fallidos (24 h)"
"Failed admin login attempts in the last 24 hours.","Intentos de inicio de sesión de administrador fallidos en las últimas 24 horas."
"Health Status","Estado de salud"
"Recovery Mode","Modo de recuperación"
"Enabled","Activado"
"Disabled","Desactivado"
"Enabled at %1.","Activado el %1."
"Emergency recovery is not active.","La recuperación de emergencia no está activa."
"Active trusted browsers across all admins.","Navegadores de confianza activos en todos los administradores."
"Diagnostics Reports","Informes de diagnóstico"
"Support diagnostics bundles generated.","Paquetes de diagnóstico de soporte generados."
"Audit Events","Eventos de auditoría"
"Total recorded security audit events.","Total de eventos de auditoría de seguridad registrados."
"Last Cleanup","Última limpieza"
"Status: %1.","Estado: %1."
"No cleanup run recorded yet.","Aún no se ha registrado ninguna limpieza."
"Last Security Event","Último evento de seguridad"
"No security events recorded yet.","Aún no se han registrado eventos de seguridad."
"%1 at %2.","%1 a las %2."
"No score computed yet.","Aún no se ha calculado ninguna puntuación."
"Quick Actions","Acciones rápidas"
"Jump to the Admin Passkey management screens.","Vaya a las pantallas de gestión de Admin Passkey."
"%1 Admin Passkey Security","Seguridad de Admin Passkey de %1"
"Support: %1","Soporte: %1"
"Need help? Contact %email.","¿Necesita ayuda? Contacte con %email."
"Your admin account has been temporarily locked","Su cuenta de administrador se ha bloqueado temporalmente"
"Your administrator account has been temporarily locked after repeated failed login attempts.","Su cuenta de administrador se ha bloqueado temporalmente tras repetidos intentos de inicio de sesión fallidos."
"The lock is scheduled to lift at %until.","Está previsto que el bloqueo se levante a las %until."
"If this was not you, please review recent activity and contact support at %email.","Si no fue usted, revise la actividad reciente y contacte con soporte en %email."
"Emergency recovery mode was %state","El modo de recuperación de emergencia se %state"
"Emergency recovery mode was %state for the Admin Passkey suite.","El modo de recuperación de emergencia se %state para la suite Admin Passkey."
"Reason:","Motivo:"
"Every recovery action is audited. If you did not expect this change, contact support at %email immediately.","Cada acción de recuperación se audita. Si no esperaba este cambio, contacte con soporte en %email de inmediato."
"enabled","activó"
"disabled","desactivó"
"We received your support request %reference","Hemos recibido su solicitud de soporte %reference"
"We have received your support request and will get back to you as soon as possible.","Hemos recibido su solicitud de soporte y le responderemos lo antes posible."
"Your support reference is %reference. Please quote it in any follow-up.","Su referencia de soporte es %reference. Menciónela en cualquier seguimiento."
"You can also reach us at %email or visit %url.","También puede contactarnos en %email o visitar %url."
"Security alert: %event","Alerta de seguridad: %event"
"A security event was detected on your Magento Admin.","Se detectó un evento de seguridad en su administrador de Magento."
"Event:","Evento:"
"Severity:","Gravedad:"
"Detected at:","Detectado el:"
"Please review the Admin Passkey audit log. If you need assistance, contact support at %email.","Revise el registro de auditoría de Admin Passkey. Si necesita ayuda, contacte con soporte en %email."
"eCommerce Management Dashboard","Panel de gestión de comercio electrónico"
"Sign in to operate your Magento 2 estate. Live platform health shown below.","Inicia sesión para operar tu entorno Magento 2. Estado de la plataforma en directo abajo."
"Authentication Required","Autenticación requerida"
"or continue with credentials","o continúa con tus credenciales"
"or use your credentials","o usa tus credenciales"
"Forgot?","¿Olvidaste?"
"You'll confirm with 2FA in the next step.","Confirmarás con 2FA en el siguiente paso."
"Protected by multi-factor authentication","Protegido con autenticación multifactor"
"Passwordless · no username","Sin contraseña · sin usuario"
"Dark mode","Modo oscuro"
"Light mode","Modo claro"
"System theme","Tema del sistema"
"Sign in to Admin","Iniciar sesión en el Admin"
"Secure Access","Acceso seguro"
"eCommerce","Comercio electrónico"
"Dashboard","Panel"
"Use a passkey, or your Magento admin credentials.","Usa una passkey o tus credenciales de administrador de Magento."
"Centralised control for your Magento 2 store — sales, catalog, customers and configuration from one hardened interface.","Control centralizado de tu tienda Magento 2: ventas, catálogo, clientes y configuración desde una interfaz reforzada."
"Secure Admin Access","Acceso de administrador seguro"
"No username needed. Authenticate with Touch ID, Face ID, or your hardware security key.","No se necesita usuario. Autentícate con Touch ID, Face ID o tu llave de seguridad física."
"Continue with passkey","Continuar con passkey"
"Security policy","Política de seguridad"
"Passwordless — no username or password","Sin contraseña — sin usuario ni contraseña"
"Passwordless sign-in","Inicio de sesión sin contraseña"
"Sign in with a passkey","Iniciar sesión con una passkey"
"Sign in","Iniciar sesión"
"Passkey","Passkey"
"Password","Contraseña"
"Colour theme","Tema de color"
