"Admin Passkey","Passkey admin"
"Configuration","Configurazione"
"Passkeys","Passkey"
"Trusted Devices","Dispositivi attendibili"
"Audit Log","Registro di audit"
"Lockouts","Blocchi"
"Migration Dashboard","Dashboard di migrazione"
"Health Check","Controllo di stato"
"Diagnostics","Diagnostica"
"Security Score","Punteggio di sicurezza"
"Recovery","Ripristino"
"White Label & Branding","White label e personalizzazione"
"General","Generale"
"Master settings for the Admin Passkey security suite.","Impostazioni principali della suite di sicurezza Admin Passkey."
"Enable Admin Passkey","Abilita Admin Passkey"
"Master switch for the Admin Passkey suite. When disabled, no passkey behaviour is active.","Interruttore principale della suite Admin Passkey. Quando è disattivato, nessun comportamento delle passkey è attivo."
"Authentication Policy","Politica di autenticazione"
"Control how passkeys, passwords, and Magento 2FA interact on the Admin login.","Controlla come passkey, password e 2FA di Magento interagiscono nell'accesso all'area amministrativa."
"Passkey-First Login","Accesso con passkey prioritario"
"Show the passkey prompt first on the Admin login page when a passkey is available.","Mostra prima la richiesta di passkey nella pagina di accesso admin quando è disponibile una passkey."
"Enable Password Fallback","Abilita ripiego con password"
"Allow username and password login as a fallback. Disabling this can lock admins out; keep a recovery path.","Consenti l'accesso con nome utente e password come ripiego. Disattivarlo può bloccare gli amministratori; mantieni un percorso di ripristino."
"Enable Magento 2FA Fallback","Abilita ripiego 2FA di Magento"
"Use native Magento Two-Factor Authentication as a fallback where required.","Usa l'autenticazione a due fattori nativa di Magento come ripiego dove necessario."
"Onboarding","Onboarding"
"Guide administrators through passkey enrollment.","Guida gli amministratori nella registrazione della passkey."
"Require Passkey Onboarding","Richiedi onboarding della passkey"
"Redirect admins without a passkey to the setup wizard after login, respecting recovery exceptions.","Reindirizza gli amministratori senza passkey alla procedura guidata di configurazione dopo l'accesso, rispettando le eccezioni di ripristino."
"Recommend a Second Passkey","Consiglia una seconda passkey"
"Recommend registering a backup passkey at the end of the setup wizard.","Consiglia di registrare una passkey di backup al termine della procedura guidata di configurazione."
"Remember trusted browsers to reduce repeated verification.","Ricorda i browser attendibili per ridurre le verifiche ripetute."
"Enable Trusted Devices","Abilita dispositivi attendibili"
"Trusted Device Lifetime (days)","Durata del dispositivo attendibile (giorni)"
"Number of days a trusted device remains valid before re-verification is required.","Numero di giorni per cui un dispositivo attendibile rimane valido prima che sia richiesta una nuova verifica."
"Lockout","Blocco"
"Throttle and lock accounts after repeated failed login attempts.","Limita e blocca gli account dopo ripetuti tentativi di accesso falliti."
"Enable Lockout","Abilita il blocco"
"Maximum Failed Attempts","Numero massimo di tentativi falliti"
"Number of failed login attempts before the account is locked.","Numero di tentativi di accesso falliti prima che l'account venga bloccato."
"Lockout Duration (minutes)","Durata del blocco (minuti)"
"How long an account stays locked after exceeding the failed-attempt threshold.","Per quanto tempo un account rimane bloccato dopo aver superato la soglia di tentativi falliti."
"Emergency fallback when passkey authentication blocks Admin access.","Ripiego di emergenza quando l'autenticazione con passkey blocca l'accesso all'area amministrativa."
"Enable Emergency Recovery Mode","Abilita la modalità di ripristino di emergenza"
"Recovery Warning Text","Testo di avviso del ripristino"
"Warning message displayed before an administrator enables emergency recovery.","Messaggio di avviso mostrato prima che un amministratore abiliti il ripristino di emergenza."
"Track passkey adoption progress across administrators.","Monitora l'avanzamento dell'adozione delle passkey tra gli amministratori."
"Enable Migration Dashboard","Abilita la dashboard di migrazione"
"Enable Reminder Emails","Abilita le email di promemoria"
"Allow sending reminder emails to administrators who have not registered a passkey.","Consenti l'invio di email di promemoria agli amministratori che non hanno registrato una passkey."
"Security Dashboard Widget","Widget della dashboard di sicurezza"
"Configurable security-status widget on the Magento Admin dashboard.","Widget configurabile dello stato di sicurezza nella dashboard admin di Magento."
"Enable Dashboard Widget","Abilita il widget della dashboard"
"Enabled by default after installation. Individual cards can be toggled below.","Abilitato per impostazione predefinita dopo l'installazione. Le singole schede possono essere attivate/disattivate di seguito."
"Refresh Interval (seconds)","Intervallo di aggiornamento (secondi)"
"How often the dashboard widget refreshes its data.","Con quale frequenza il widget della dashboard aggiorna i propri dati."
"Card: Passkey Adoption","Scheda: Adozione delle passkey"
"Card: Admins Without Passkeys","Scheda: Amministratori senza passkey"
"Card: Passkey vs Password Login Ratio","Scheda: Rapporto tra accessi con passkey e password"
"Card: Active Lockouts","Scheda: Blocchi attivi"
"Card: Failed Logins (last 24h)","Scheda: Accessi falliti (ultime 24 h)"
"Card: Health Status","Scheda: Stato di salute"
"Card: Recovery Mode Status","Scheda: Stato della modalità di ripristino"
"Card: Trusted Devices","Scheda: Dispositivi attendibili"
"Card: Diagnostics Reports","Scheda: Report diagnostici"
"Card: Audit Events","Scheda: Eventi di audit"
"Card: Last Cleanup","Scheda: Ultima pulizia"
"Card: Last Security Event","Scheda: Ultimo evento di sicurezza"
"Card: Security Score","Scheda: Punteggio di sicurezza"
"Weighting for the 0-100 security score engine. Weights should sum to 100.","Ponderazione per il motore del punteggio di sicurezza 0-100. La somma dei pesi deve essere 100."
"Enable Security Score","Abilita il punteggio di sicurezza"
"Weight: Authentication","Peso: Autenticazione"
"Relative weight of authentication controls in the total score.","Peso relativo dei controlli di autenticazione nel punteggio totale."
"Weight: Security","Peso: Sicurezza"
"Relative weight of platform security controls in the total score.","Peso relativo dei controlli di sicurezza della piattaforma nel punteggio totale."
"Weight: Operational","Peso: Operativo"
"Relative weight of operational controls in the total score.","Peso relativo dei controlli operativi nel punteggio totale."
"Weight: Threats","Peso: Minacce"
"Relative weight of active threat indicators in the total score.","Peso relativo degli indicatori di minaccia attivi nel punteggio totale."
"Environment and configuration sanity checks for the module.","Controlli di coerenza dell'ambiente e della configurazione del modulo."
"Enable Health Check","Abilita il controllo di stato"
"Support diagnostics report generation and delivery.","Generazione e invio di report diagnostici di supporto."
"Enable Diagnostics","Abilita la diagnostica"
"Support Email Recipient","Destinatario dell'email di supporto"
"Destination address used when sending diagnostics reports to the developer.","Indirizzo di destinazione usato per l'invio dei report diagnostici allo sviluppatore."
"Support Reference Prefix","Prefisso del riferimento di supporto"
"Prefix used for the Support Reference ID in ZIP filenames, manifests, and emails.","Prefisso usato per l'ID di riferimento di supporto nei nomi dei file ZIP, nei manifesti e nelle email."
"Cleanup","Pulizia"
"Data retention and scheduled cleanup policies.","Politiche di conservazione dei dati e pulizia pianificata."
"Enable Scheduled Cleanup","Abilita la pulizia pianificata"
"Challenge Retention (days)","Conservazione dei challenge (giorni)"
"How long expired WebAuthn challenges are retained before cleanup.","Per quanto tempo i challenge WebAuthn scaduti vengono conservati prima della pulizia."
"Diagnostics Retention (days)","Conservazione della diagnostica (giorni)"
"How long generated diagnostics reports are retained before cleanup.","Per quanto tempo i report diagnostici generati vengono conservati prima della pulizia."
"Audit Log Retention (days)","Conservazione del registro di audit (giorni)"
"How long audit events are retained before cleanup.","Per quanto tempo gli eventi di audit vengono conservati prima della pulizia."
"Fail2Ban","Fail2Ban"
"Write parseable log lines for Fail2Ban to consume.","Scrive righe di log analizzabili per Fail2Ban."
"Enable Fail2Ban Logging","Abilita il logging per Fail2Ban"
"Fail2Ban Log Path","Percorso del log di Fail2Ban"
"Filesystem path (relative to the Magento root) for Fail2Ban-compatible log lines.","Percorso del filesystem (relativo alla radice di Magento) per le righe di log compatibili con Fail2Ban."
"Optional white-label branding. Enabled by default with FalconMedia defaults.","Personalizzazione white-label facoltativa. Abilitata per impostazione predefinita con i valori FalconMedia."
"Enable Branding","Abilita la personalizzazione"
"When enabled, the configured branding replaces the default FalconMedia branding.","Quando è abilitata, la personalizzazione configurata sostituisce quella predefinita di FalconMedia."
"Company Name","Nome dell'azienda"
"Support Email","Email di supporto"
"Support URL","URL di supporto"
"Documentation URL","URL della documentazione"
"Privacy Policy URL","URL dell'informativa sulla privacy"
"Footer Text","Testo del piè di pagina"
"Primary Accent Color","Colore d'accento principale"
"Hex color used as the primary accent in branded surfaces (e.g. #1f2937).","Colore esadecimale usato come accento principale nelle superfici personalizzate (es. #1f2937)."
"Secondary Accent Color","Colore d'accento secondario"
"Hex color used as the secondary accent in branded surfaces (e.g. #2563eb).","Colore esadecimale usato come accento secondario nelle superfici personalizzate (es. #2563eb)."
"Email Templates","Modelli di email"
"Transactional email templates used by the module.","Modelli di email transazionali usati dal modulo."
"Passkey Reminder Template","Modello di promemoria passkey"
"Email sent to administrators who have not registered a passkey.","Email inviata agli amministratori che non hanno registrato una passkey."
"Lockout Notification Template","Modello di notifica di blocco"
"Email sent when an administrator account is locked out.","Email inviata quando un account amministratore viene bloccato."
"Recovery Notification Template","Modello di notifica di ripristino"
"Email sent when emergency recovery mode is enabled or disabled.","Email inviata quando la modalità di ripristino di emergenza viene abilitata o disabilitata."
"Diagnostics Report Template","Modello di report diagnostico"
"Email used when sending a diagnostics report to the developer.","Email usata per l'invio di un report diagnostico allo sviluppatore."
"Developer Options","Opzioni sviluppatore"
"Diagnostics-only options. Do not enable on production unless instructed.","Opzioni solo per la diagnostica. Non abilitare in produzione se non indicato."
"Enable Debug Logging","Abilita il logging di debug"
"Write verbose module diagnostics to the Magento log. Keep disabled on production.","Scrive diagnostiche dettagliate del modulo nel log di Magento. Mantieni disattivato in produzione."
"ID","ID"
"Created At","Creato il"
"Event Type","Tipo di evento"
"Severity","Gravità"
"Actor (Admin User ID)","Autore (ID utente admin)"
"Target (Admin User ID)","Destinatario (ID utente admin)"
"IP Address","Indirizzo IP"
"User Agent","User agent"
"Support Reference ID","ID di riferimento di supporto"
"Metadata","Metadati"
"Passkey Registration","Registrazione passkey"
"Passkey Login","Accesso con passkey"
"Password Login","Accesso con password"
"Login Failed","Accesso fallito"
"Passkey Revoked","Passkey revocata"
"Trusted Device Revoked","Dispositivo attendibile revocato"
"Account Lockout","Blocco dell'account"
"Account Unlock","Sblocco dell'account"
"Recovery Mode Enabled","Modalità di ripristino abilitata"
"Recovery Mode Disabled","Modalità di ripristino disabilitata"
"Diagnostics Report Generated","Report diagnostico generato"
"Diagnostics Report Sent","Report diagnostico inviato"
"Data Cleanup","Pulizia dei dati"
"Migration Reminder Sent","Promemoria di migrazione inviato"
"Configuration Change","Modifica della configurazione"
"Info","Info"
"Notice","Avviso"
"Warning","Attenzione"
"Critical","Critico"
"WebAuthn","WebAuthn"
"Relying party and ceremony settings for passkey registration and login. Leave RP ID and origin empty to derive them from the store base URL.","Impostazioni della relying party e delle ceremony per la registrazione e l'accesso con passkey. Lascia rpId e origin vuoti per derivarli dall'URL di base del negozio."
"Relying Party Name","Nome della relying party"
"Human-readable name shown by the authenticator during registration. Falls back to the branding company name when empty.","Nome leggibile mostrato dall'autenticatore durante la registrazione. Ricade sul nome dell'azienda della personalizzazione quando è vuoto."
"Relying Party ID (rpId)","ID della relying party (rpId)"
"Registrable domain used as the WebAuthn rpId (e.g. example.com). Leave empty to derive it from the store base URL host.","Dominio registrabile usato come rpId WebAuthn (es. example.com). Lascia vuoto per derivarlo dall'host dell'URL di base del negozio."
"Expected Origin","Origine attesa"
"Origin expected in WebAuthn responses (e.g. https://example.com). Leave empty to derive it from the store base URL.","Origine attesa nelle risposte WebAuthn (es. https://example.com). Lascia vuoto per derivarla dall'URL di base del negozio."
"User Verification","Verifica dell'utente"
"WebAuthn userVerification requirement for registration and assertion ceremonies.","Requisito userVerification di WebAuthn per le ceremony di registrazione e asserzione."
"Resident Key","Resident key"
"WebAuthn residentKey requirement. Preferred or Required enables discoverable (usernameless) passkeys.","Requisito residentKey di WebAuthn. Preferred o Required abilita le passkey rilevabili (senza nome utente)."
"Ceremony Timeout (milliseconds)","Timeout della ceremony (millisecondi)"
"Timeout hint passed to the browser WebAuthn ceremony.","Suggerimento di timeout passato alla ceremony WebAuthn del browser."
"Challenge Lifetime (seconds)","Durata del challenge (secondi)"
"How long a generated challenge remains valid before it expires and must be reissued.","Per quanto tempo un challenge generato rimane valido prima di scadere e dover essere riemesso."
"Required","Obbligatorio"
"Preferred","Preferito"
"Discouraged","Sconsigliato"
"The passkey challenge is invalid.","Il challenge della passkey non è valido."
"The passkey challenge has expired.","Il challenge della passkey è scaduto."
"The passkey challenge has already been used.","Il challenge della passkey è già stato utilizzato."
"The passkey challenge does not match.","Il challenge della passkey non corrisponde."
"The passkey challenge does not match the requested user.","Il challenge della passkey non corrisponde all'utente richiesto."
"The passkey challenge could not be consumed.","Non è stato possibile consumare il challenge della passkey."
"The passkey response is incomplete.","La risposta della passkey è incompleta."
"The passkey client data is missing.","I dati client della passkey sono mancanti."
"The passkey client data could not be read.","Non è stato possibile leggere i dati client della passkey."
"The passkey client data is malformed.","I dati client della passkey sono malformati."
"Unexpected passkey ceremony type.","Tipo di ceremony della passkey inatteso."
"The passkey origin is not allowed.","L'origine della passkey non è consentita."
"The passkey authenticator data is malformed.","I dati dell'autenticatore della passkey sono malformati."
"The passkey attestation is missing required data.","All'attestazione della passkey mancano dati obbligatori."
"The passkey attestation object is missing.","L'oggetto di attestazione della passkey è mancante."
"The passkey attestation object could not be read.","Non è stato possibile leggere l'oggetto di attestazione della passkey."
"The passkey relying party could not be verified.","Non è stato possibile verificare la relying party della passkey."
"User presence was not verified by the authenticator.","La presenza dell'utente non è stata verificata dall'autenticatore."
"User verification is required but was not performed.","La verifica dell'utente è obbligatoria ma non è stata eseguita."
"The passkey credential does not match the attestation.","La credenziale della passkey non corrisponde all'attestazione."
"This passkey is already registered.","Questa passkey è già registrata."
"The passkey credential is not recognised.","La credenziale della passkey non è riconosciuta."
"The passkey credential is no longer active.","La credenziale della passkey non è più attiva."
"The passkey user handle does not match.","L'handle utente della passkey non corrisponde."
"The passkey signature is invalid.","La firma della passkey non è valida."
"The passkey signature is malformed.","La firma della passkey è malformata."
"The passkey sign counter is invalid.","Il contatore di firme della passkey non è valido."
"The passkey login could not be completed.","Non è stato possibile completare l'accesso con passkey."
"The passkey public key is missing.","La chiave pubblica della passkey è mancante."
"The passkey public key is malformed.","La chiave pubblica della passkey è malformata."
"The passkey public key could not be decoded.","Non è stato possibile decodificare la chiave pubblica della passkey."
"Unsupported passkey public key algorithm.","Algoritmo di chiave pubblica della passkey non supportato."
"Unsupported passkey elliptic curve.","Curva ellittica della passkey non supportata."
"Waiting for your passkey…","In attesa della tua passkey…"
"This browser does not support passkeys.","Questo browser non supporta le passkey."
"Manage Other Admins' Passkeys","Gestisci le passkey di altri amministratori"
"Passkey Name Updated","Nome della passkey aggiornato"
"Passkey Setup","Configurazione della passkey"
"My Passkeys","Le mie passkey"
"The passkey could not be found.","Impossibile trovare la passkey."
"Your passkey name has been updated.","Il nome della tua passkey è stato aggiornato."
"Your passkey has been revoked.","La tua passkey è stata revocata."
"The passkey has been revoked.","La passkey è stata revocata."
"Please enter a name for this passkey.","Inserisci un nome per questa passkey."
"The passkey could not be registered. Please try again.","Non è stato possibile registrare la passkey. Riprova."
"The passkey name could not be saved. Please try again.","Non è stato possibile salvare il nome della passkey. Riprova."
"Welcome","Benvenuto"
"Register","Registra"
"Name it","Assegna un nome"
"Finish","Completa"
"Set up a passkey for your Admin account","Configura una passkey per il tuo account admin"
"Passkeys let you sign in with your device biometrics or security key instead of a password. They are phishing-resistant and cannot be reused across sites, which makes them far safer than passwords.","Le passkey ti permettono di accedere con la biometria del tuo dispositivo o una chiave di sicurezza invece di una password. Sono resistenti al phishing e non possono essere riutilizzate tra i siti, il che le rende molto più sicure delle password."
"You can use a built-in fingerprint or face sensor, your phone, or a hardware security key.","Puoi usare un sensore di impronte digitali o del volto integrato, il tuo telefono o una chiave di sicurezza hardware."
"Get started","Inizia"
"Create your passkey","Crea la tua passkey"
"Select ""Create Passkey"" and follow your browser prompt to register this device.","Seleziona ""Crea passkey"" e segui la richiesta del browser per registrare questo dispositivo."
"Create Passkey","Crea passkey"
"Passkey registered","Passkey registrata"
"Give this passkey a name so you can recognise it later.","Assegna un nome a questa passkey per riconoscerla in seguito."
"Passkey name","Nome della passkey"
"e.g. Work laptop","es. Portatile di lavoro"
"Save name","Salva nome"
"You are all set","È tutto pronto"
"We recommend registering a second passkey (for example on your phone) as a backup, so you never lose access to the Admin.","Ti consigliamo di registrare una seconda passkey (ad esempio sul tuo telefono) come backup, così da non perdere mai l'accesso all'area amministrativa."
"Add another passkey","Aggiungi un'altra passkey"
"Continue to Magento Admin","Continua verso l'admin di Magento"
"Add passkey","Aggiungi passkey"
"You have no passkeys yet. Add one to sign in without a password.","Non hai ancora passkey. Aggiungine una per accedere senza password."
"Name","Nome"
"Device","Dispositivo"
"Last Used At","Ultimo utilizzo il"
"Status","Stato"
"Actions","Azioni"
"Never","Mai"
"Rename","Rinomina"
"Revoke","Revoca"
"—","—"
"Active","Attivo"
"Revoked","Revocato"
"Unnamed passkey","Passkey senza nome"
"Unknown device","Dispositivo sconosciuto"
"Attestation: %1","Attestazione: %1"
"AAGUID: %1","AAGUID: %1"
"Enter a new name for this passkey:","Inserisci un nuovo nome per questa passkey:"
"Revoke this passkey? This cannot be undone.","Revocare questa passkey? L'operazione non può essere annullata."
"The action could not be completed. Please try again.","Non è stato possibile completare l'azione. Riprova."
"Successful Logins Before Trust","Accessi riusciti prima della fiducia"
"Number of successful logins from a browser before it is remembered as a trusted device.","Numero di accessi riusciti da un browser prima che venga ricordato come dispositivo attendibile."
"Failed Attempt Window (minutes)","Finestra dei tentativi falliti (minuti)"
"Rolling time window in which failed attempts are counted toward the lockout threshold.","Finestra temporale mobile in cui i tentativi falliti vengono conteggiati ai fini della soglia di blocco."
"Recovery Auto-Expiry (minutes)","Scadenza automatica del ripristino (minuti)"
"Emergency recovery mode disables itself automatically after this many minutes so it can never stay on indefinitely.","La modalità di ripristino di emergenza si disattiva automaticamente dopo questo numero di minuti in modo da non restare mai attiva indefinitamente."
"Trusted Device Created","Dispositivo attendibile creato"
"Trusted Device Expired","Dispositivo attendibile scaduto"
"Brute Force Detected","Attacco brute force rilevato"
"Expired","Scaduto"
"Released","Rilasciato"
"Admin User ID","ID utente admin"
"Device Label","Etichetta del dispositivo"
"First Seen At","Visto per la prima volta il"
"Last Seen At","Visto per l'ultima volta il"
"Expires At","Scade il"
"Revoked At","Revocato il"
"Username","Nome utente"
"Reason","Motivo"
"Failed Attempts","Tentativi falliti"
"Locked Until","Bloccato fino al"
"Unlocked At","Sbloccato il"
"Unlocked By (Admin User ID)","Sbloccato da (ID utente admin)"
"Revoke trusted device","Revoca dispositivo attendibile"
"Revoke this trusted device? The browser will need to be trusted again.","Revocare questo dispositivo attendibile? Il browser dovrà essere reso nuovamente attendibile."
"Unlock","Sblocca"
"Release lockout","Rilascia blocco"
"Release this lockout so the account can log in again?","Rilasciare questo blocco in modo che l'account possa accedere di nuovo?"
"No trusted device was specified.","Nessun dispositivo attendibile specificato."
"The trusted device has been revoked.","Il dispositivo attendibile è stato revocato."
"The trusted device could not be found.","Impossibile trovare il dispositivo attendibile."
"The trusted device could not be revoked. Please try again.","Non è stato possibile revocare il dispositivo attendibile. Riprova."
"Lockout Management","Gestione dei blocchi"
"No lockout was specified.","Nessun blocco specificato."
"The lockout has been released.","Il blocco è stato rilasciato."
"The lockout could not be found.","Impossibile trovare il blocco."
"The lockout could not be released. Please try again.","Non è stato possibile rilasciare il blocco. Riprova."
"Emergency Recovery Mode","Modalità di ripristino di emergenza"
"Invalid form key. Please try again.","Chiave del modulo non valida. Riprova."
"Emergency recovery mode is now ENABLED. Every action is audited; disable it as soon as access is restored.","La modalità di ripristino di emergenza è ora ABILITATA. Ogni azione viene registrata; disabilitala non appena l'accesso è ripristinato."
"Emergency recovery mode could not be enabled. Please try again.","Non è stato possibile abilitare la modalità di ripristino di emergenza. Riprova."
"Emergency recovery mode is now disabled.","La modalità di ripristino di emergenza è ora disabilitata."
"Emergency recovery mode could not be disabled. Please try again.","Non è stato possibile disabilitare la modalità di ripristino di emergenza. Riprova."
"Recovery mode is currently ENABLED.","La modalità di ripristino è attualmente ABILITATA."
"Recovery mode is currently disabled.","La modalità di ripristino è attualmente disabilitata."
"Last State","Ultimo stato"
"Enabled At","Abilitata il"
"Disabled At","Disabilitata il"
"Recovery mode auto-expires after %1 minutes so it can never stay on indefinitely.","La modalità di ripristino scade automaticamente dopo %1 minuti in modo da non restare mai attiva indefinitamente."
"Disable emergency recovery mode now?","Disabilitare ora la modalità di ripristino di emergenza?"
"Reason (optional)","Motivo (facoltativo)"
"Disable Recovery Mode","Disabilita la modalità di ripristino"
"Enable emergency recovery mode? This is audited and should only be used to restore blocked Admin access.","Abilitare la modalità di ripristino di emergenza? Questa azione viene registrata e dovrebbe essere usata solo per ripristinare l'accesso admin bloccato."
"Enable Recovery Mode","Abilita la modalità di ripristino"
"Too many failed attempts. Please try again later.","Troppi tentativi falliti. Riprova più tardi."
"Too many failed attempts. This account is temporarily locked. Please try again later.","Troppi tentativi falliti. Questo account è temporaneamente bloccato. Riprova più tardi."
"Emergency recovery mode is disabled in configuration.","La modalità di ripristino di emergenza è disabilitata nella configurazione."
"Emergency recovery mode is already enabled.","La modalità di ripristino di emergenza è già abilitata."
"Emergency recovery mode is not currently enabled.","La modalità di ripristino di emergenza non è attualmente abilitata."
"Passkey Migration Dashboard","Dashboard di migrazione delle passkey"
"Passkey Health Check","Controllo di stato delle passkey"
"Passkey Security Score","Punteggio di sicurezza delle passkey"
"Passkey Diagnostics","Diagnostica delle passkey"
"Passkey Data Cleanup","Pulizia dei dati delle passkey"
"Migration Dashboard","Dashboard di migrazione"
"Health Check","Controllo di stato"
"Security Score","Punteggio di sicurezza"
"Diagnostics","Diagnostica"
"Data Cleanup","Pulizia dei dati"
"Username","Nome utente"
"Name","Nome"
"Role","Ruolo"
"2FA","2FA"
"Passkeys","Passkey"
"Trusted Devices","Dispositivi attendibili"
"Onboarding","Onboarding"
"Lockout","Blocco"
"Last Login","Ultimo accesso"
"Last Passkey Login","Ultimo accesso con passkey"
"Counts","Conteggi"
"Categories","Categorie"
"Rating","Valutazione"
"Captured At","Acquisito il"
"Action","Azione"
"Download","Scarica"
"Registered","Registrato"
"Missing","Mancante"
"Complete","Completo"
"Required","Obbligatorio"
"Optional","Facoltativo"
"Configured","Configurato"
"Not configured","Non configurato"
"Locked","Bloccato"
"None","Nessuno"
"Pending","In sospeso"
"Generated","Generato"
"Send Passkey Reminder","Invia promemoria passkey"
"Send a passkey migration reminder to the selected administrators? Admins that already have a passkey are skipped.","Inviare un promemoria di migrazione passkey agli amministratori selezionati? Gli amministratori che hanno già una passkey vengono saltati."
"Send to Developer","Invia allo sviluppatore"
"Email the selected diagnostics reports to the configured developer?","Inviare via email i report diagnostici selezionati allo sviluppatore configurato?"
"Reminders sent: %1, skipped: %2, failed: %3.","Promemoria inviati: %1, saltati: %2, falliti: %3."
"Could not send the reminders: %1","Impossibile inviare i promemoria: %1"
"Diagnostics bundle %1 was generated.","Il pacchetto diagnostico %1 è stato generato."
"Could not generate the bundle: %1","Impossibile generare il pacchetto: %1"
"Could not download the bundle: %1","Impossibile scaricare il pacchetto: %1"
"Reports sent: %1, failed: %2.","Report inviati: %1, falliti: %2."
"Could not send the reports: %1","Impossibile inviare i report: %1"
"Cleanup completed successfully.","Pulizia completata con successo."
"Cleanup completed with errors. Check the cleanup log for details.","Pulizia completata con errori. Consulta il registro di pulizia per i dettagli."
"Could not run cleanup: %1","Impossibile eseguire la pulizia: %1"
"Security score snapshot saved: %1 (%2).","Istantanea del punteggio di sicurezza salvata: %1 (%2)."
"Could not capture a snapshot: %1","Impossibile acquisire un'istantanea: %1"
"Reminder emails are disabled in configuration.","Le email di promemoria sono disabilitate nella configurazione."
"This administrator has no email address on file.","Per questo amministratore non è registrato alcun indirizzo email."
"This administrator already has an active passkey.","Questo amministratore ha già una passkey attiva."
"The administrator could not be found.","Impossibile trovare l'amministratore."
"The reminder email could not be sent. Please try again.","Non è stato possibile inviare l'email di promemoria. Riprova."
"Diagnostics are disabled in configuration.","La diagnostica è disabilitata nella configurazione."
"A valid support reference could not be generated.","Non è stato possibile generare un riferimento di supporto valido."
"The diagnostics bundle could not be generated. Please try again.","Non è stato possibile generare il pacchetto diagnostico. Riprova."
"No support email is configured. Set one in the Diagnostics configuration.","Nessuna email di supporto configurata. Impostane una nella configurazione della diagnostica."
"The diagnostics report could not be sent. Please try again.","Non è stato possibile inviare il report diagnostico. Riprova."
"This report has no downloadable bundle.","Questo report non ha alcun pacchetto scaricabile."
"The bundle path is invalid.","Il percorso del pacchetto non è valido."
"The bundle file no longer exists on the server.","Il file del pacchetto non esiste più sul server."
"The diagnostics archive could not be created.","Non è stato possibile creare l'archivio diagnostico."
"Health Overview","Panoramica dello stato"
"Overall status: %1","Stato complessivo: %1"
"%1 error(s), %2 warning(s).","%1 errore/i, %2 avviso/i."
"Check","Controllo"
"Details","Dettagli"
"Current Security Score","Punteggio di sicurezza attuale"
"Recalculate & Snapshot","Ricalcola e acquisisci"
"Rating: %1","Valutazione: %1"
"Category Breakdown","Ripartizione per categoria"
"Category","Categoria"
"Recommendations","Raccomandazioni"
"No recommendations — your configuration looks great.","Nessuna raccomandazione — la tua configurazione è ottima."
"Generate Diagnostics Bundle","Genera pacchetto diagnostico"
"Bundles never contain passwords, keys or tokens. Logs are sanitised.","I pacchetti non contengono mai password, chiavi o token. I log vengono depurati."
"Run Cleanup Now","Esegui la pulizia ora"
"Removes expired data per the configured retention windows.","Rimuove i dati scaduti in base alle finestre di conservazione configurate."
"Encourage more administrators to register a passkey.","Incoraggia più amministratori a registrare una passkey."
"Enable passkey-first login so passkeys are offered before passwords.","Abilita l'accesso con passkey prioritario in modo che le passkey vengano offerte prima delle password."
"Consider disabling password fallback once every admin has a passkey.","Valuta di disabilitare il ripiego con password una volta che ogni amministratore ha una passkey."
"Serve the Admin over HTTPS; WebAuthn requires a secure context.","Servi l'area amministrativa tramite HTTPS; WebAuthn richiede un contesto sicuro."
"Enable lockout protection to throttle brute-force attempts.","Abilita la protezione con blocco per limitare i tentativi di forza bruta."
"Enable scheduled cleanup so expired data does not accumulate.","Abilita la pulizia pianificata in modo che i dati scaduti non si accumulino."
"Resolve the failing health checks to improve your score.","Risolvi i controlli di stato falliti per migliorare il tuo punteggio."
"Disable emergency recovery mode now that access is restored.","Disabilita la modalità di ripristino di emergenza ora che l'accesso è stato ripristinato."
"Review the active lockouts for signs of an attack.","Esamina i blocchi attivi per individuare segni di un attacco."
"Logo","Logo"
"Icon","Icona"
"Background Image (optional)","Immagine di sfondo (facoltativa)"
"Wizard Illustration","Illustrazione della procedura guidata"
"Dashboard Icon","Icona della dashboard"
"Accepted: SVG, PNG, JPG, WebP. SVG files are sanitised before storage.","Accettati: SVG, PNG, JPG, WebP. I file SVG vengono depurati prima dell'archiviazione."
"Optional login background. Accepted: SVG, PNG, JPG, WebP.","Sfondo di accesso facoltativo. Accettati: SVG, PNG, JPG, WebP."
"Illustration shown in the passkey setup wizard. Accepted: SVG, PNG, JPG, WebP.","Illustrazione mostrata nella procedura guidata di configurazione della passkey. Accettati: SVG, PNG, JPG, WebP."
"Icon shown on the Admin dashboard widget. Accepted: SVG, PNG, JPG, WebP.","Icona mostrata nel widget della dashboard admin. Accettati: SVG, PNG, JPG, WebP."
"Login Intro Copy","Testo introduttivo dell'accesso"
"Text shown above the passkey button on the Admin login. Leave empty for the default.","Testo mostrato sopra il pulsante della passkey nell'accesso admin. Lascia vuoto per il valore predefinito."
"Wizard Intro Copy","Testo introduttivo della procedura guidata"
"Text shown at the start of the passkey setup wizard. Leave empty for the default.","Testo mostrato all'inizio della procedura guidata di configurazione della passkey. Lascia vuoto per il valore predefinito."
"Diagnostics Intro Copy","Testo introduttivo della diagnostica"
"Text shown on the diagnostics screen. Leave empty for the default.","Testo mostrato nella schermata della diagnostica. Lascia vuoto per il valore predefinito."
"Security Score Label: Poor","Etichetta punteggio di sicurezza: Scarso"
"Security Score Label: Fair","Etichetta punteggio di sicurezza: Sufficiente"
"Security Score Label: Good","Etichetta punteggio di sicurezza: Buono"
"Security Score Label: Excellent","Etichetta punteggio di sicurezza: Eccellente"
"Card: Quick Actions","Scheda: Azioni rapide"
"Support Confirmation Template","Modello di conferma di supporto"
"Confirmation email sent to an administrator after a support request.","Email di conferma inviata a un amministratore dopo una richiesta di supporto."
"Security Alert Template","Modello di avviso di sicurezza"
"Email sent when a critical security event is detected.","Email inviata quando viene rilevato un evento di sicurezza critico."
"Sign in securely with your passkey — no password required.","Accedi in modo sicuro con la tua passkey — nessuna password richiesta."
"Set up a passkey to protect your Admin account.","Configura una passkey per proteggere il tuo account admin."
"Generate a sanitised diagnostics bundle to share with support.","Genera un pacchetto diagnostico depurato da condividere con il supporto."
"Poor","Scarso"
"Fair","Sufficiente"
"Good","Buono"
"Excellent","Eccellente"
"The uploaded SVG contains scripting or external content and was rejected for security reasons.","Il file SVG caricato contiene script o contenuti esterni ed è stato rifiutato per motivi di sicurezza."
"Passkey Adoption","Adozione delle passkey"
"%1 of %2 admins have a passkey.","%1 amministratori su %2 hanno una passkey."
"Admins Without Passkeys","Amministratori senza passkey"
"Administrators that still rely on a password.","Amministratori che dipendono ancora da una password."
"Passkey vs Password Logins","Accessi con passkey rispetto a password"
"Passkey logins: %1, password logins: %2.","Accessi con passkey: %1, accessi con password: %2."
"Active Lockouts","Blocchi attivi"
"Accounts currently locked after failed attempts.","Account attualmente bloccati dopo tentativi falliti."
"Failed Logins (24h)","Accessi falliti (24 h)"
"Failed admin login attempts in the last 24 hours.","Tentativi di accesso admin falliti nelle ultime 24 ore."
"Health Status","Stato di salute"
"Recovery Mode","Modalità di ripristino"
"Enabled","Abilitato"
"Disabled","Disabilitato"
"Enabled at %1.","Abilitato il %1."
"Emergency recovery is not active.","Il ripristino di emergenza non è attivo."
"Active trusted browsers across all admins.","Browser attendibili attivi per tutti gli amministratori."
"Diagnostics Reports","Report diagnostici"
"Support diagnostics bundles generated.","Pacchetti diagnostici di supporto generati."
"Audit Events","Eventi di audit"
"Total recorded security audit events.","Totale degli eventi di audit di sicurezza registrati."
"Last Cleanup","Ultima pulizia"
"Status: %1.","Stato: %1."
"No cleanup run recorded yet.","Nessuna pulizia ancora registrata."
"Last Security Event","Ultimo evento di sicurezza"
"No security events recorded yet.","Nessun evento di sicurezza ancora registrato."
"%1 at %2.","%1 alle %2."
"No score computed yet.","Nessun punteggio ancora calcolato."
"Quick Actions","Azioni rapide"
"Jump to the Admin Passkey management screens.","Vai alle schermate di gestione di Admin Passkey."
"%1 Admin Passkey Security","Sicurezza Admin Passkey di %1"
"Support: %1","Supporto: %1"
"Need help? Contact %email.","Hai bisogno di aiuto? Contatta %email."
"Your admin account has been temporarily locked","Il tuo account admin è stato temporaneamente bloccato"
"Your administrator account has been temporarily locked after repeated failed login attempts.","Il tuo account amministratore è stato temporaneamente bloccato dopo ripetuti tentativi di accesso falliti."
"The lock is scheduled to lift at %until.","Il blocco dovrebbe essere rimosso alle %until."
"If this was not you, please review recent activity and contact support at %email.","Se non sei stato tu, esamina l'attività recente e contatta il supporto all'indirizzo %email."
"Emergency recovery mode was %state","La modalità di ripristino di emergenza è stata %state"
"Emergency recovery mode was %state for the Admin Passkey suite.","La modalità di ripristino di emergenza è stata %state per la suite Admin Passkey."
"Reason:","Motivo:"
"Every recovery action is audited. If you did not expect this change, contact support at %email immediately.","Ogni azione di ripristino viene registrata. Se non ti aspettavi questa modifica, contatta immediatamente il supporto all'indirizzo %email."
"enabled","abilitata"
"disabled","disabilitata"
"We received your support request %reference","Abbiamo ricevuto la tua richiesta di supporto %reference"
"We have received your support request and will get back to you as soon as possible.","Abbiamo ricevuto la tua richiesta di supporto e ti risponderemo il prima possibile."
"Your support reference is %reference. Please quote it in any follow-up.","Il tuo riferimento di supporto è %reference. Indicalo in ogni comunicazione successiva."
"You can also reach us at %email or visit %url.","Puoi anche contattarci all'indirizzo %email o visitare %url."
"Security alert: %event","Avviso di sicurezza: %event"
"A security event was detected on your Magento Admin.","È stato rilevato un evento di sicurezza sul tuo admin di Magento."
"Event:","Evento:"
"Severity:","Gravità:"
"Detected at:","Rilevato il:"
"Please review the Admin Passkey audit log. If you need assistance, contact support at %email.","Esamina il registro di audit di Admin Passkey. Se hai bisogno di assistenza, contatta il supporto all'indirizzo %email."
"eCommerce Management Dashboard","Dashboard di gestione e-commerce"
"Sign in to operate your Magento 2 estate. Live platform health shown below.","Accedi per gestire il tuo ambiente Magento 2. Stato della piattaforma in tempo reale qui sotto."
"Authentication Required","Autenticazione richiesta"
"or continue with credentials","oppure continua con le credenziali"
"or use your credentials","oppure usa le tue credenziali"
"Forgot?","Dimenticata?"
"You'll confirm with 2FA in the next step.","Confermerai con la 2FA nel passaggio successivo."
"Protected by multi-factor authentication","Protetto da autenticazione a più fattori"
"Passwordless · no username","Senza password · senza nome utente"
"Dark mode","Modalità scura"
"Light mode","Modalità chiara"
"System theme","Tema di sistema"
"Sign in to Admin","Accedi all'Admin"
"Secure Access","Accesso sicuro"
"eCommerce","E-commerce"
"Dashboard","Dashboard"
"Use a passkey, or your Magento admin credentials.","Usa una passkey o le tue credenziali admin di Magento."
"Centralised control for your Magento 2 store — sales, catalog, customers and configuration from one hardened interface.","Controllo centralizzato del tuo store Magento 2: vendite, catalogo, clienti e configurazione da un'unica interfaccia protetta."
"Secure Admin Access","Accesso amministratore sicuro"
"No username needed. Authenticate with Touch ID, Face ID, or your hardware security key.","Nessun nome utente richiesto. Autenticati con Touch ID, Face ID o la tua chiave di sicurezza hardware."
"Continue with passkey","Continua con passkey"
"Security policy","Politica di sicurezza"
"Passwordless — no username or password","Senza password — senza nome utente o password"
"Passwordless sign-in","Accesso senza password"
"Sign in with a passkey","Accedi con una passkey"
"Sign in","Accedi"
"Passkey","Passkey"
"Password","Password"
"Colour theme","Tema colore"
